<PE_PROJECT_SETTINGS_DOCUMENTATION>
  <PE_product_version v="version 2.98 for Freescale HCS12(X) family"/>
  <PE_core_version v="Processor Expert Version 0398"/>

  <CPU_Bean name="Cpu" type="MC9S12XEP100_144">
    <Enabled v="Y"/>

    <Properties>
      <Bean_name v="Cpu"/>
      <CPU_type v="MC9S12XEP100MAG"/>
      <list name="Shared clock settings - XDP512" v="1">
        <group name="Clock settings">
          <group name="Input clock">
            <Clock_type v="External clock source"/>
            <Clock_frequency__MHz_ v="4"/>
            <group name="Clock input pin">
              <Pin v="EXTAL"/>
              <Pin_signal v=""/>
            </group>
            <group name="Clock output pin">
              <Pin v="XTAL"/>
              <Pin_signal v=""/>
            </group>
          </group>
          <group name="Output clock">
            <boolgroup name="External clock" v="Enabled">
              <ECLK_pin v="PE4_ECLK"/>
              <ECLK_pin_signal v=""/>
              <ECLK_predivider v="Disabled"/>
              <ECLK_clock_rate v="ECLK = Bus clock rate"/>
            </boolgroup>
            <boolgroup name="Fixed external clock" v="Disabled" />
          </group>
          <group name="Low-power modes settings">
            <Pseudo_stop v="no"/>
            <Fast_wake_up_from_full_stop_mode v="no"/>
            <PLL_stops_in_wait_mode v="no"/>
          </group>
          <Clock_monitor v="Enter Self clock mode"/>
        </group>
      </list>
      <list name="Shared interrupts settings - XDP512" v="1">
        <group name="Interrupts initialization">
          <Initialization_priority v="minimal priority"/>
        </group>
      </list>
      <list name="Shared internal resource mapping - XDP512" v="1">
        <group name="Internal resource mapping">
          <Direct_page_mapping v="0"/>
          <boolgroup name="Internal FLASH" v="Enabled">
            <Int__FLASH_in_0x4000_0x7FFF v="yes"/>
          </boolgroup>
          <group name="Internal RAM">
            <Int__RAM_in_0x4000_0x7FFF v="no"/>
          </group>
          <group name="Interrupt/Reset vector table">
            <group name="Reset vector table">
              <Address v="65530"/>
              <Size v="6"/>
            </group>
            <group name="Interrupt vector table">
              <Address v="65296"/>
              <Size v="234"/>
              <Init_IVBR_register v="yes"/>
            </group>
          </group>
        </group>
      </list>
      <list name="Shared external bus and user mode - XDP512" v="1">
        <group name="External bus and user mode">
          <Boot_operating_mode v="Special single-chip"/>
          <boolgroup name="Operating mode switching" v="no" />
          <enumgroup name="Operating mode settings" v="Special single-chip">
          </enumgroup>
        </group>
      </list>
      <group name="Internal peripherals">
        <list name="Shared Special Speed Mode Settings" v="1">
        </list>
        <list name="Shared BDM Module Settings" v="1">
          <group name="BDM Debug support">
            <Stop_COP_and_RTI_in_Active_BDM_mode v="no"/>
          </group>
        </list>
        <list name="Shared ECT 16B8C ModuleSettings" v="1">
        </list>
        <list name="Shared TIM module settings" v="1">
        </list>
        <list name="Internal Peripherals IO" v="1">
          <group name="I/O module">
            <group name="PORT A">
              <Reduced_drive_for_all_port_A v="no"/>
            </group>
            <group name="PORT AD0H">
              <Reduced_drive_for_PAD08 v="no"/>
              <Reduced_drive_for_PAD09 v="no"/>
              <Reduced_drive_for_PAD10 v="no"/>
              <Reduced_drive_for_PAD11 v="no"/>
              <Reduced_drive_for_PAD12 v="no"/>
              <Reduced_drive_for_PAD13 v="no"/>
              <Reduced_drive_for_PAD14 v="no"/>
              <Reduced_drive_for_PAD15 v="no"/>
            </group>
            <group name="PORT AD0L">
              <Reduced_drive_for_PAD00 v="no"/>
              <Reduced_drive_for_PAD01 v="no"/>
              <Reduced_drive_for_PAD02 v="no"/>
              <Reduced_drive_for_PAD03 v="no"/>
              <Reduced_drive_for_PAD04 v="no"/>
              <Reduced_drive_for_PAD05 v="no"/>
              <Reduced_drive_for_PAD06 v="no"/>
              <Reduced_drive_for_PAD07 v="no"/>
            </group>
            <group name="PORT AD1L">
              <Reduced_drive_for_PAD16 v="no"/>
              <Reduced_drive_for_PAD17 v="no"/>
              <Reduced_drive_for_PAD18 v="no"/>
              <Reduced_drive_for_PAD19 v="no"/>
              <Reduced_drive_for_PAD20 v="no"/>
              <Reduced_drive_for_PAD21 v="no"/>
              <Reduced_drive_for_PAD22 v="no"/>
              <Reduced_drive_for_PAD23 v="no"/>
            </group>
            <group name="PORT B">
              <Reduced_drive_for_all_port_B v="no"/>
            </group>
            <group name="PORT C">
              <Reduced_drive_for_all_port_C v="no"/>
            </group>
            <group name="PORT D">
              <Reduced_drive_for_all_port_D v="no"/>
            </group>
            <group name="PORT E">
              <Reduced_drive_for_all_port_E v="no"/>
            </group>
            <group name="PORT H">
              <Reduced_drive_for_PH0 v="no"/>
              <Reduced_drive_for_PH1 v="no"/>
              <Reduced_drive_for_PH2 v="no"/>
              <Reduced_drive_for_PH3 v="no"/>
              <Reduced_drive_for_PH4 v="no"/>
              <Reduced_drive_for_PH5 v="no"/>
              <Reduced_drive_for_PH6 v="no"/>
              <Reduced_drive_for_PH7 v="no"/>
            </group>
            <group name="PORT J">
              <Reduced_drive_for_PJ0 v="no"/>
              <Reduced_drive_for_PJ1 v="no"/>
              <Reduced_drive_for_PJ2 v="no"/>
              <Reduced_drive_for_PJ4 v="no"/>
              <Reduced_drive_for_PJ5 v="no"/>
              <Reduced_drive_for_PJ6 v="no"/>
              <Reduced_drive_for_PJ7 v="no"/>
            </group>
            <group name="PORT K">
              <Reduced_drive_for_all_port_K v="no"/>
            </group>
            <group name="PORT M">
              <Reduced_drive_for_PM0 v="no"/>
              <Reduced_drive_for_PM1 v="no"/>
              <Reduced_drive_for_PM2 v="no"/>
              <Reduced_drive_for_PM3 v="no"/>
              <Reduced_drive_for_PM4 v="no"/>
              <Reduced_drive_for_PM5 v="no"/>
              <Reduced_drive_for_PM6 v="no"/>
              <Reduced_drive_for_PM7 v="no"/>
            </group>
            <group name="PORT P">
              <Reduced_drive_for_PP0 v="no"/>
              <Reduced_drive_for_PP1 v="no"/>
              <Reduced_drive_for_PP2 v="no"/>
              <Reduced_drive_for_PP3 v="no"/>
              <Reduced_drive_for_PP4 v="no"/>
              <Reduced_drive_for_PP5 v="no"/>
              <Reduced_drive_for_PP6 v="no"/>
              <Reduced_drive_for_PP7 v="no"/>
            </group>
            <group name="PORT S">
              <Reduced_drive_for_PS0 v="no"/>
              <Reduced_drive_for_PS1 v="no"/>
              <Reduced_drive_for_PS2 v="no"/>
              <Reduced_drive_for_PS3 v="no"/>
              <Reduced_drive_for_PS4 v="no"/>
              <Reduced_drive_for_PS5 v="no"/>
              <Reduced_drive_for_PS6 v="no"/>
              <Reduced_drive_for_PS7 v="no"/>
            </group>
            <group name="PORT T">
              <Reduced_drive_for_PT0 v="no"/>
              <Reduced_drive_for_PT1 v="no"/>
              <Reduced_drive_for_PT2 v="no"/>
              <Reduced_drive_for_PT3 v="no"/>
              <Reduced_drive_for_PT4 v="no"/>
              <Reduced_drive_for_PT5 v="no"/>
              <Reduced_drive_for_PT6 v="no"/>
              <Reduced_drive_for_PT7 v="no"/>
            </group>
          </group>
        </list>
        <list name="Shared PIT Module Settings" v="1">
        </list>
        <list name="Shared PWM Module Settings" v="1">
        </list>
        <list name="Shared MPU module settings" v="1">
          <group name="Memory Protection Unit">
            <MPU_in_supervisor_mode v="Disabled"/>
            <Descriptor_select v="0"/>
            <list name="MPU Descriptors" v="8">
              <group name="MPU Descriptor 0">
                <Master_0__CPU_in_supervisor_state_ v="Enabled"/>
                <Master_1__CPU_in_user_state_ v="Enabled"/>
                <Master_2__XGATE_ v="Enabled"/>
                <Master_3 v="Disabled"/>
                <Write_protected v="no"/>
                <No_Execute v="no"/>
                <Lower_boundary v="0"/>
                <Upper_boundary v="8388607"/>
              </group>
              <group name="MPU Descriptor 1">
                <Master_0__CPU_in_supervisor_state_ v="Disabled"/>
                <Master_1__CPU_in_user_state_ v="Disabled"/>
                <Master_2__XGATE_ v="Disabled"/>
                <Master_3 v="Disabled"/>
                <Write_protected v="no"/>
                <No_Execute v="no"/>
                <Lower_boundary v="0"/>
                <Upper_boundary v="8388607"/>
              </group>
              <group name="MPU Descriptor 2">
                <Master_0__CPU_in_supervisor_state_ v="Disabled"/>
                <Master_1__CPU_in_user_state_ v="Disabled"/>
                <Master_2__XGATE_ v="Disabled"/>
                <Master_3 v="Disabled"/>
                <Write_protected v="no"/>
                <No_Execute v="no"/>
                <Lower_boundary v="0"/>
                <Upper_boundary v="8388607"/>
              </group>
              <group name="MPU Descriptor 3">
                <Master_0__CPU_in_supervisor_state_ v="Disabled"/>
                <Master_1__CPU_in_user_state_ v="Disabled"/>
                <Master_2__XGATE_ v="Disabled"/>
                <Master_3 v="Disabled"/>
                <Write_protected v="no"/>
                <No_Execute v="no"/>
                <Lower_boundary v="0"/>
                <Upper_boundary v="8388607"/>
              </group>
              <group name="MPU Descriptor 4">
                <Master_0__CPU_in_supervisor_state_ v="Disabled"/>
                <Master_1__CPU_in_user_state_ v="Disabled"/>
                <Master_2__XGATE_ v="Disabled"/>
                <Master_3 v="Disabled"/>
                <Write_protected v="no"/>
                <No_Execute v="no"/>
                <Lower_boundary v="0"/>
                <Upper_boundary v="8388607"/>
              </group>
              <group name="MPU Descriptor 5">
                <Master_0__CPU_in_supervisor_state_ v="Disabled"/>
                <Master_1__CPU_in_user_state_ v="Disabled"/>
                <Master_2__XGATE_ v="Disabled"/>
                <Master_3 v="Disabled"/>
                <Write_protected v="no"/>
                <No_Execute v="no"/>
                <Lower_boundary v="0"/>
                <Upper_boundary v="8388607"/>
              </group>
              <group name="MPU Descriptor 6">
                <Master_0__CPU_in_supervisor_state_ v="Disabled"/>
                <Master_1__CPU_in_user_state_ v="Disabled"/>
                <Master_2__XGATE_ v="Disabled"/>
                <Master_3 v="Disabled"/>
                <Write_protected v="no"/>
                <No_Execute v="no"/>
                <Lower_boundary v="0"/>
                <Upper_boundary v="8388607"/>
              </group>
              <group name="MPU Descriptor 7">
                <Master_0__CPU_in_supervisor_state_ v="Disabled"/>
                <Master_1__CPU_in_user_state_ v="Disabled"/>
                <Master_2__XGATE_ v="Disabled"/>
                <Master_3 v="Disabled"/>
                <Write_protected v="no"/>
                <No_Execute v="no"/>
                <Lower_boundary v="0"/>
                <Upper_boundary v="8388607"/>
              </group>
            </list>
          </group>
        </list>
        <list name="Shared VREG module settings" v="1">
          <group name="Voltage Regulator">
            <Voltage_Access v="Internal  voltage"/>
            <High_Temperature v="no"/>
          </group>
        </list>
      </group>
      <list name="Shared CPU interrupts - XDP512" v="1">
        <group name="CPU interrupts/resets">
          <boolgroup name="Clock monitor reset" v="Disabled" />
          <boolgroup name="IllegalOpcode" v="Disabled" />
          <boolgroup name="MPU Access Error" v="Disabled" />
          <boolgroup name="SWI" v="Disabled" />
          <boolgroup name="LVD" v="Disabled" />
          <boolgroup name="PLL" v="Disabled" />
          <boolgroup name="SCM" v="Disabled" />
          <boolgroup name="Spurious interrupt" v="Disabled" />
          <boolgroup name="High temperature interrupt" v="Disabled" />
        </group>
      </list>
      <list name="Shared speed modes settings" v="1">
        <group name="Enabled speed modes">
          <boolgroup name="High speed mode" v="Enabled">
            <Internal_bus_clock v="48"/>
            <boolgroup name="PLL clock" v="Enabled">
              <Reference_divider v="Auto select"/>
              <PLL_multiplication_factor v="Auto select"/>
              <PLL_post_divider v="Auto select"/>
              <VCO_clock_frequency__MHz_ v="96"/>
              <Frequency_Modulation v="FM off"/>
            </boolgroup>
          </boolgroup>
          <boolgroup name="Low speed mode" v="Disabled" />
          <boolgroup name="Slow speed mode" v="Disabled" />
        </group>
      </list>
    </Properties>

    <Methods>
      <list name="SharedCpuMethods" v="1">
        <SetHighSpeed v="don&apos;t generate code"/>
        <SetLowSpeed v="don&apos;t generate code"/>
        <SetSlowSpeed v="don&apos;t generate code"/>
        <GetSpeedMode v="don&apos;t generate code"/>
        <EnableInt v="generate code"/>
        <DisableInt v="generate code"/>
        <SetWaitMode v="generate code"/>
        <SetStopMode v="generate code"/>
        <Delay100US v="generate code"/>
        <SetIPL v="don&apos;t generate code"/>
        <GetLowVoltageFlag v="don&apos;t generate code"/>
        <GetPllLockStatusFlag v="don&apos;t generate code"/>
        <GetResetSource v="don&apos;t generate code"/>
      </list>
    </Methods>

    <Events>
      <Event_module_name v="Events"/>
      <list name="SharedCpuEvents" v="1">
        <event name="OnReset" v="don&apos;t generate code" />
        <event name="OnClockMonitorReset" v="don&apos;t generate code" />
        <event name="OnIllegalOpcode" v="don&apos;t generate code" />
        <event name="OnMPUAccessError" v="don&apos;t generate code" />
        <event name="OnSwINT" v="don&apos;t generate code" />
        <event name="OnLvdStatusChanged" v="don&apos;t generate code" />
        <event name="OnHighTemperatureStatusChanged" v="don&apos;t generate code" />
        <event name="OnPllLockStatusChanged" v="don&apos;t generate code" />
        <event name="OnSCMChanged" v="don&apos;t generate code" />
        <event name="OnSpuriousInterrupt" v="don&apos;t generate code" />
      </list>
    </Events>
    <Compiler v="CodeWarrior HC12X C Compiler"/>

    <CompilerProperties>
      <Compiler v="CodeWarrior HCS12X C Compiler"/>
      <enumgroup name="Unhandled interrupts" v="One handler for all">
        <Interrupt_priority v="Don&apos;t initialize"/>
        <Unhandled_int_code>
asm(BGND);
        </Unhandled_int_code>
      </enumgroup>
      <Generate_macros v="yes"/>
      <group name="User initialization">
        <User_data_declarations>
        </User_data_declarations>
        <User_code_before_PE_initialization>
        </User_code_before_PE_initialization>
        <User_code_after_PE_initialization>
        </User_code_after_PE_initialization>
      </group>
      <Memory_model v="Banked"/>
      <boolgroup name="Generate PRM file" v="yes">
        <enumgroup name="Stack specification" v="top address">
          <Stack_address v="16383"/>
        </enumgroup>
        <group name="Memory segments">
          <Set_default_memory_segments v="Click to set default &gt;"/>
          <list name="ROM/RAM segments" v="66">
            <boolgroup name="Segment0" v="Disabled" />
            <boolgroup name="Segment1" v="Enabled">
              <Name v="RAM"/>
              <Qualifier v="READ_WRITE"/>
              <Address v="8192"/>
              <Size v="8191"/>
              <boolgroup name="Relocation" v="Disabled" />
              <boolgroup name="Align" v="Disabled" />
              <boolgroup name="Fill pattern" v="Disabled" />
              <Code_overlapping v="overlapping not specified"/>
              <Const_data_overlapping v="overlapping not specified"/>
            </boolgroup>
            <boolgroup name="Segment2" v="Disabled" />
            <boolgroup name="Segment3" v="Enabled">
              <Name v="ROM_C000"/>
              <Qualifier v="READ_ONLY"/>
              <Address v="49152"/>
              <Size v="16128"/>
              <boolgroup name="Relocation" v="Disabled" />
              <boolgroup name="Align" v="Disabled" />
              <boolgroup name="Fill pattern" v="Disabled" />
              <Code_overlapping v="overlapping not specified"/>
              <Const_data_overlapping v="overlapping not specified"/>
            </boolgroup>
            <boolgroup name="Segment4" v="Enabled">
              <Name v="PAGE_C0"/>
              <Qualifier v="READ_ONLY"/>
              <Address v="7340032"/>
              <Size v="16384"/>
              <boolgroup name="Relocation" v="Disabled" />
              <boolgroup name="Align" v="Disabled" />
              <boolgroup name="Fill pattern" v="Disabled" />
              <Code_overlapping v="overlapping not specified"/>
              <Const_data_overlapping v="overlapping not specified"/>
            </boolgroup>
            <boolgroup name="Segment5" v="Enabled">
              <Name v="PAGE_C1"/>
              <Qualifier v="READ_ONLY"/>
              <Address v="7356416"/>
              <Size v="16384"/>
              <boolgroup name="Relocation" v="Disabled" />
              <boolgroup name="Align" v="Disabled" />
              <boolgroup name="Fill pattern" v="Disabled" />
              <Code_overlapping v="overlapping not specified"/>
              <Const_data_overlapping v="overlapping not specified"/>
            </boolgroup>
            <boolgroup name="Segment6" v="Enabled">
              <Name v="PAGE_C2"/>
              <Qualifier v="READ_ONLY"/>
              <Address v="7372800"/>
              <Size v="16384"/>
              <boolgroup name="Relocation" v="Disabled" />
              <boolgroup name="Align" v="Disabled" />
              <boolgroup name="Fill pattern" v="Disabled" />
              <Code_overlapping v="overlapping not specified"/>
              <Const_data_overlapping v="overlapping not specified"/>
            </boolgroup>
            <boolgroup name="Segment7" v="Enabled">
              <Name v="PAGE_C3"/>
              <Qualifier v="READ_ONLY"/>
              <Address v="7389184"/>
              <Size v="16384"/>
              <boolgroup name="Relocation" v="Disabled" />
              <boolgroup name="Align" v="Disabled" />
              <boolgroup name="Fill pattern" v="Disabled" />
              <Code_overlapping v="overlapping not specified"/>
              <Const_data_overlapping v="overlapping not specified"/>
            </boolgroup>
            <boolgroup name="Segment8" v="Enabled">
              <Name v="PAGE_C4"/>
              <Qualifier v="READ_ONLY"/>
              <Address v="7405568"/>
              <Size v="16384"/>
              <boolgroup name="Relocation" v="Disabled" />
              <boolgroup name="Align" v="Disabled" />
              <boolgroup name="Fill pattern" v="Disabled" />
              <Code_overlapping v="overlapping not specified"/>
              <Const_data_overlapping v="overlapping not specified"/>
            </boolgroup>
            <boolgroup name="Segment9" v="Enabled">
              <Name v="PAGE_C5"/>
              <Qualifier v="READ_ONLY"/>
              <Address v="7421952"/>
              <Size v="16384"/>
              <boolgroup name="Relocation" v="Disabled" />
              <boolgroup name="Align" v="Disabled" />
              <boolgroup name="Fill pattern" v="Disabled" />
              <Code_overlapping v="overlapping not specified"/>
              <Const_data_overlapping v="overlapping not specified"/>
            </boolgroup>
            <boolgroup name="Segment10" v="Enabled">
              <Name v="PAGE_C6"/>
              <Qualifier v="READ_ONLY"/>
              <Address v="7438336"/>
              <Size v="16384"/>
              <boolgroup name="Relocation" v="Disabled" />
              <boolgroup name="Align" v="Disabled" />
              <boolgroup name="Fill pattern" v="Disabled" />
              <Code_overlapping v="overlapping not specified"/>
              <Const_data_overlapping v="overlapping not specified"/>
            </boolgroup>
            <boolgroup name="Segment11" v="Enabled">
              <Name v="PAGE_C7"/>
              <Qualifier v="READ_ONLY"/>
              <Address v="7454720"/>
              <Size v="16384"/>
              <boolgroup name="Relocation" v="Disabled" />
              <boolgroup name="Align" v="Disabled" />
              <boolgroup name="Fill pattern" v="Disabled" />
              <Code_overlapping v="overlapping not specified"/>
              <Const_data_overlapping v="overlapping not specified"/>
            </boolgroup>
            <boolgroup name="Segment12" v="Enabled">
              <Name v="PAGE_C8"/>
              <Qualifier v="READ_ONLY"/>
              <Address v="7471104"/>
              <Size v="16384"/>
              <boolgroup name="Relocation" v="Disabled" />
              <boolgroup name="Align" v="Disabled" />
              <boolgroup name="Fill pattern" v="Disabled" />
              <Code_overlapping v="overlapping not specified"/>
              <Const_data_overlapping v="overlapping not specified"/>
            </boolgroup>
            <boolgroup name="Segment13" v="Enabled">
              <Name v="PAGE_C9"/>
              <Qualifier v="READ_ONLY"/>
              <Address v="7487488"/>
              <Size v="16384"/>
              <boolgroup name="Relocation" v="Disabled" />
              <boolgroup name="Align" v="Disabled" />
              <boolgroup name="Fill pattern" v="Disabled" />
              <Code_overlapping v="overlapping not specified"/>
              <Const_data_overlapping v="overlapping not specified"/>
            </boolgroup>
            <boolgroup name="Segment14" v="Enabled">
              <Name v="PAGE_CA"/>
              <Qualifier v="READ_ONLY"/>
              <Address v="7503872"/>
              <Size v="16384"/>
              <boolgroup name="Relocation" v="Disabled" />
              <boolgroup name="Align" v="Disabled" />
              <boolgroup name="Fill pattern" v="Disabled" />
              <Code_overlapping v="overlapping not specified"/>
              <Const_data_overlapping v="overlapping not specified"/>
            </boolgroup>
            <boolgroup name="Segment15" v="Enabled">
              <Name v="PAGE_CB"/>
              <Qualifier v="READ_ONLY"/>
              <Address v="7520256"/>
              <Size v="16384"/>
              <boolgroup name="Relocation" v="Disabled" />
              <boolgroup name="Align" v="Disabled" />
              <boolgroup name="Fill pattern" v="Disabled" />
              <Code_overlapping v="overlapping not specified"/>
              <Const_data_overlapping v="overlapping not specified"/>
            </boolgroup>
            <boolgroup name="Segment16" v="Enabled">
              <Name v="PAGE_CC"/>
              <Qualifier v="READ_ONLY"/>
              <Address v="7536640"/>
              <Size v="16384"/>
              <boolgroup name="Relocation" v="Disabled" />
              <boolgroup name="Align" v="Disabled" />
              <boolgroup name="Fill pattern" v="Disabled" />
              <Code_overlapping v="overlapping not specified"/>
              <Const_data_overlapping v="overlapping not specified"/>
            </boolgroup>
            <boolgroup name="Segment17" v="Enabled">
              <Name v="PAGE_CD"/>
              <Qualifier v="READ_ONLY"/>
              <Address v="7553024"/>
              <Size v="16384"/>
              <boolgroup name="Relocation" v="Disabled" />
              <boolgroup name="Align" v="Disabled" />
              <boolgroup name="Fill pattern" v="Disabled" />
              <Code_overlapping v="overlapping not specified"/>
              <Const_data_overlapping v="overlapping not specified"/>
            </boolgroup>
            <boolgroup name="Segment18" v="Enabled">
              <Name v="PAGE_CE"/>
              <Qualifier v="READ_ONLY"/>
              <Address v="7569408"/>
              <Size v="16384"/>
              <boolgroup name="Relocation" v="Disabled" />
              <boolgroup name="Align" v="Disabled" />
              <boolgroup name="Fill pattern" v="Disabled" />
              <Code_overlapping v="overlapping not specified"/>
              <Const_data_overlapping v="overlapping not specified"/>
            </boolgroup>
            <boolgroup name="Segment19" v="Enabled">
              <Name v="PAGE_CF"/>
              <Qualifier v="READ_ONLY"/>
              <Address v="7585792"/>
              <Size v="16384"/>
              <boolgroup name="Relocation" v="Disabled" />
              <boolgroup name="Align" v="Disabled" />
              <boolgroup name="Fill pattern" v="Disabled" />
              <Code_overlapping v="overlapping not specified"/>
              <Const_data_overlapping v="overlapping not specified"/>
            </boolgroup>
            <boolgroup name="Segment20" v="Enabled">
              <Name v="PAGE_D0"/>
              <Qualifier v="READ_ONLY"/>
              <Address v="7602176"/>
              <Size v="16384"/>
              <boolgroup name="Relocation" v="Disabled" />
              <boolgroup name="Align" v="Disabled" />
              <boolgroup name="Fill pattern" v="Disabled" />
              <Code_overlapping v="overlapping not specified"/>
              <Const_data_overlapping v="overlapping not specified"/>
            </boolgroup>
            <boolgroup name="Segment21" v="Enabled">
              <Name v="PAGE_D1"/>
              <Qualifier v="READ_ONLY"/>
              <Address v="7618560"/>
              <Size v="16384"/>
              <boolgroup name="Relocation" v="Disabled" />
              <boolgroup name="Align" v="Disabled" />
              <boolgroup name="Fill pattern" v="Disabled" />
              <Code_overlapping v="overlapping not specified"/>
              <Const_data_overlapping v="overlapping not specified"/>
            </boolgroup>
            <boolgroup name="Segment22" v="Enabled">
              <Name v="PAGE_D2"/>
              <Qualifier v="READ_ONLY"/>
              <Address v="7634944"/>
              <Size v="16384"/>
              <boolgroup name="Relocation" v="Disabled" />
              <boolgroup name="Align" v="Disabled" />
              <boolgroup name="Fill pattern" v="Disabled" />
              <Code_overlapping v="overlapping not specified"/>
              <Const_data_overlapping v="overlapping not specified"/>
            </boolgroup>
            <boolgroup name="Segment23" v="Enabled">
              <Name v="PAGE_D3"/>
              <Qualifier v="READ_ONLY"/>
              <Address v="7651328"/>
              <Size v="16384"/>
              <boolgroup name="Relocation" v="Disabled" />
              <boolgroup name="Align" v="Disabled" />
              <boolgroup name="Fill pattern" v="Disabled" />
              <Code_overlapping v="overlapping not specified"/>
              <Const_data_overlapping v="overlapping not specified"/>
            </boolgroup>
            <boolgroup name="Segment24" v="Enabled">
              <Name v="PAGE_D4"/>
              <Qualifier v="READ_ONLY"/>
              <Address v="7667712"/>
              <Size v="16384"/>
              <boolgroup name="Relocation" v="Disabled" />
              <boolgroup name="Align" v="Disabled" />
              <boolgroup name="Fill pattern" v="Disabled" />
              <Code_overlapping v="overlapping not specified"/>
              <Const_data_overlapping v="overlapping not specified"/>
            </boolgroup>
            <boolgroup name="Segment25" v="Enabled">
              <Name v="PAGE_D5"/>
              <Qualifier v="READ_ONLY"/>
              <Address v="7684096"/>
              <Size v="16384"/>
              <boolgroup name="Relocation" v="Disabled" />
              <boolgroup name="Align" v="Disabled" />
              <boolgroup name="Fill pattern" v="Disabled" />
              <Code_overlapping v="overlapping not specified"/>
              <Const_data_overlapping v="overlapping not specified"/>
            </boolgroup>
            <boolgroup name="Segment26" v="Enabled">
              <Name v="PAGE_D6"/>
              <Qualifier v="READ_ONLY"/>
              <Address v="7700480"/>
              <Size v="16384"/>
              <boolgroup name="Relocation" v="Disabled" />
              <boolgroup name="Align" v="Disabled" />
              <boolgroup name="Fill pattern" v="Disabled" />
              <Code_overlapping v="overlapping not specified"/>
              <Const_data_overlapping v="overlapping not specified"/>
            </boolgroup>
            <boolgroup name="Segment27" v="Enabled">
              <Name v="PAGE_D7"/>
              <Qualifier v="READ_ONLY"/>
              <Address v="7716864"/>
              <Size v="16384"/>
              <boolgroup name="Relocation" v="Disabled" />
              <boolgroup name="Align" v="Disabled" />
              <boolgroup name="Fill pattern" v="Disabled" />
              <Code_overlapping v="overlapping not specified"/>
              <Const_data_overlapping v="overlapping not specified"/>
            </boolgroup>
            <boolgroup name="Segment28" v="Enabled">
              <Name v="PAGE_D8"/>
              <Qualifier v="READ_ONLY"/>
              <Address v="7733248"/>
              <Size v="16384"/>
              <boolgroup name="Relocation" v="Disabled" />
              <boolgroup name="Align" v="Disabled" />
              <boolgroup name="Fill pattern" v="Disabled" />
              <Code_overlapping v="overlapping not specified"/>
              <Const_data_overlapping v="overlapping not specified"/>
            </boolgroup>
            <boolgroup name="Segment29" v="Enabled">
              <Name v="PAGE_D9"/>
              <Qualifier v="READ_ONLY"/>
              <Address v="7749632"/>
              <Size v="16384"/>
              <boolgroup name="Relocation" v="Disabled" />
              <boolgroup name="Align" v="Disabled" />
              <boolgroup name="Fill pattern" v="Disabled" />
              <Code_overlapping v="overlapping not specified"/>
              <Const_data_overlapping v="overlapping not specified"/>
            </boolgroup>
            <boolgroup name="Segment30" v="Enabled">
              <Name v="PAGE_DA"/>
              <Qualifier v="READ_ONLY"/>
              <Address v="7766016"/>
              <Size v="16384"/>
              <boolgroup name="Relocation" v="Disabled" />
              <boolgroup name="Align" v="Disabled" />
              <boolgroup name="Fill pattern" v="Disabled" />
              <Code_overlapping v="overlapping not specified"/>
              <Const_data_overlapping v="overlapping not specified"/>
            </boolgroup>
            <boolgroup name="Segment31" v="Enabled">
              <Name v="PAGE_DB"/>
              <Qualifier v="READ_ONLY"/>
              <Address v="7782400"/>
              <Size v="16384"/>
              <boolgroup name="Relocation" v="Disabled" />
              <boolgroup name="Align" v="Disabled" />
              <boolgroup name="Fill pattern" v="Disabled" />
              <Code_overlapping v="overlapping not specified"/>
              <Const_data_overlapping v="overlapping not specified"/>
            </boolgroup>
            <boolgroup name="Segment32" v="Enabled">
              <Name v="PAGE_DC"/>
              <Qualifier v="READ_ONLY"/>
              <Address v="7798784"/>
              <Size v="16384"/>
              <boolgroup name="Relocation" v="Disabled" />
              <boolgroup name="Align" v="Disabled" />
              <boolgroup name="Fill pattern" v="Disabled" />
              <Code_overlapping v="overlapping not specified"/>
              <Const_data_overlapping v="overlapping not specified"/>
            </boolgroup>
            <boolgroup name="Segment33" v="Enabled">
              <Name v="PAGE_DD"/>
              <Qualifier v="READ_ONLY"/>
              <Address v="7815168"/>
              <Size v="16384"/>
              <boolgroup name="Relocation" v="Disabled" />
              <boolgroup name="Align" v="Disabled" />
              <boolgroup name="Fill pattern" v="Disabled" />
              <Code_overlapping v="overlapping not specified"/>
              <Const_data_overlapping v="overlapping not specified"/>
            </boolgroup>
            <boolgroup name="Segment34" v="Enabled">
              <Name v="PAGE_DE"/>
              <Qualifier v="READ_ONLY"/>
              <Address v="7831552"/>
              <Size v="16384"/>
              <boolgroup name="Relocation" v="Disabled" />
              <boolgroup name="Align" v="Disabled" />
              <boolgroup name="Fill pattern" v="Disabled" />
              <Code_overlapping v="overlapping not specified"/>
              <Const_data_overlapping v="overlapping not specified"/>
            </boolgroup>
            <boolgroup name="Segment35" v="Enabled">
              <Name v="PAGE_DF"/>
              <Qualifier v="READ_ONLY"/>
              <Address v="7847936"/>
              <Size v="16384"/>
              <boolgroup name="Relocation" v="Disabled" />
              <boolgroup name="Align" v="Disabled" />
              <boolgroup name="Fill pattern" v="Disabled" />
              <Code_overlapping v="overlapping not specified"/>
              <Const_data_overlapping v="overlapping not specified"/>
            </boolgroup>
            <boolgroup name="Segment36" v="Enabled">
              <Name v="PAGE_E0"/>
              <Qualifier v="READ_ONLY"/>
              <Address v="7864320"/>
              <Size v="16384"/>
              <boolgroup name="Relocation" v="Disabled" />
              <boolgroup name="Align" v="Disabled" />
              <boolgroup name="Fill pattern" v="Disabled" />
              <Code_overlapping v="overlapping not specified"/>
              <Const_data_overlapping v="overlapping not specified"/>
            </boolgroup>
            <boolgroup name="Segment37" v="Enabled">
              <Name v="PAGE_E1"/>
              <Qualifier v="READ_ONLY"/>
              <Address v="7880704"/>
              <Size v="16384"/>
              <boolgroup name="Relocation" v="Disabled" />
              <boolgroup name="Align" v="Disabled" />
              <boolgroup name="Fill pattern" v="Disabled" />
              <Code_overlapping v="overlapping not specified"/>
              <Const_data_overlapping v="overlapping not specified"/>
            </boolgroup>
            <boolgroup name="Segment38" v="Enabled">
              <Name v="PAGE_E2"/>
              <Qualifier v="READ_ONLY"/>
              <Address v="7897088"/>
              <Size v="16384"/>
              <boolgroup name="Relocation" v="Disabled" />
              <boolgroup name="Align" v="Disabled" />
              <boolgroup name="Fill pattern" v="Disabled" />
              <Code_overlapping v="overlapping not specified"/>
              <Const_data_overlapping v="overlapping not specified"/>
            </boolgroup>
            <boolgroup name="Segment39" v="Enabled">
              <Name v="PAGE_E3"/>
              <Qualifier v="READ_ONLY"/>
              <Address v="7913472"/>
              <Size v="16384"/>
              <boolgroup name="Relocation" v="Disabled" />
              <boolgroup name="Align" v="Disabled" />
              <boolgroup name="Fill pattern" v="Disabled" />
              <Code_overlapping v="overlapping not specified"/>
              <Const_data_overlapping v="overlapping not specified"/>
            </boolgroup>
            <boolgroup name="Segment40" v="Enabled">
              <Name v="PAGE_E4"/>
              <Qualifier v="READ_ONLY"/>
              <Address v="7929856"/>
              <Size v="16384"/>
              <boolgroup name="Relocation" v="Disabled" />
              <boolgroup name="Align" v="Disabled" />
              <boolgroup name="Fill pattern" v="Disabled" />
              <Code_overlapping v="overlapping not specified"/>
              <Const_data_overlapping v="overlapping not specified"/>
            </boolgroup>
            <boolgroup name="Segment41" v="Enabled">
              <Name v="PAGE_E5"/>
              <Qualifier v="READ_ONLY"/>
              <Address v="7946240"/>
              <Size v="16384"/>
              <boolgroup name="Relocation" v="Disabled" />
              <boolgroup name="Align" v="Disabled" />
              <boolgroup name="Fill pattern" v="Disabled" />
              <Code_overlapping v="overlapping not specified"/>
              <Const_data_overlapping v="overlapping not specified"/>
            </boolgroup>
            <boolgroup name="Segment42" v="Enabled">
              <Name v="PAGE_E6"/>
              <Qualifier v="READ_ONLY"/>
              <Address v="7962624"/>
              <Size v="16384"/>
              <boolgroup name="Relocation" v="Disabled" />
              <boolgroup name="Align" v="Disabled" />
              <boolgroup name="Fill pattern" v="Disabled" />
              <Code_overlapping v="overlapping not specified"/>
              <Const_data_overlapping v="overlapping not specified"/>
            </boolgroup>
            <boolgroup name="Segment43" v="Enabled">
              <Name v="PAGE_E7"/>
              <Qualifier v="READ_ONLY"/>
              <Address v="7979008"/>
              <Size v="16384"/>
              <boolgroup name="Relocation" v="Disabled" />
              <boolgroup name="Align" v="Disabled" />
              <boolgroup name="Fill pattern" v="Disabled" />
              <Code_overlapping v="overlapping not specified"/>
              <Const_data_overlapping v="overlapping not specified"/>
            </boolgroup>
            <boolgroup name="Segment44" v="Enabled">
              <Name v="PAGE_E8"/>
              <Qualifier v="READ_ONLY"/>
              <Address v="7995392"/>
              <Size v="16384"/>
              <boolgroup name="Relocation" v="Disabled" />
              <boolgroup name="Align" v="Disabled" />
              <boolgroup name="Fill pattern" v="Disabled" />
              <Code_overlapping v="overlapping not specified"/>
              <Const_data_overlapping v="overlapping not specified"/>
            </boolgroup>
            <boolgroup name="Segment45" v="Enabled">
              <Name v="PAGE_E9"/>
              <Qualifier v="READ_ONLY"/>
              <Address v="8011776"/>
              <Size v="16384"/>
              <boolgroup name="Relocation" v="Disabled" />
              <boolgroup name="Align" v="Disabled" />
              <boolgroup name="Fill pattern" v="Disabled" />
              <Code_overlapping v="overlapping not specified"/>
              <Const_data_overlapping v="overlapping not specified"/>
            </boolgroup>
            <boolgroup name="Segment46" v="Enabled">
              <Name v="PAGE_EA"/>
              <Qualifier v="READ_ONLY"/>
              <Address v="8028160"/>
              <Size v="16384"/>
              <boolgroup name="Relocation" v="Disabled" />
              <boolgroup name="Align" v="Disabled" />
              <boolgroup name="Fill pattern" v="Disabled" />
              <Code_overlapping v="overlapping not specified"/>
              <Const_data_overlapping v="overlapping not specified"/>
            </boolgroup>
            <boolgroup name="Segment47" v="Enabled">
              <Name v="PAGE_EB"/>
              <Qualifier v="READ_ONLY"/>
              <Address v="8044544"/>
              <Size v="16384"/>
              <boolgroup name="Relocation" v="Disabled" />
              <boolgroup name="Align" v="Disabled" />
              <boolgroup name="Fill pattern" v="Disabled" />
              <Code_overlapping v="overlapping not specified"/>
              <Const_data_overlapping v="overlapping not specified"/>
            </boolgroup>
            <boolgroup name="Segment48" v="Enabled">
              <Name v="PAGE_EC"/>
              <Qualifier v="READ_ONLY"/>
              <Address v="8060928"/>
              <Size v="16384"/>
              <boolgroup name="Relocation" v="Disabled" />
              <boolgroup name="Align" v="Disabled" />
              <boolgroup name="Fill pattern" v="Disabled" />
              <Code_overlapping v="overlapping not specified"/>
              <Const_data_overlapping v="overlapping not specified"/>
            </boolgroup>
            <boolgroup name="Segment49" v="Enabled">
              <Name v="PAGE_ED"/>
              <Qualifier v="READ_ONLY"/>
              <Address v="8077312"/>
              <Size v="16384"/>
              <boolgroup name="Relocation" v="Disabled" />
              <boolgroup name="Align" v="Disabled" />
              <boolgroup name="Fill pattern" v="Disabled" />
              <Code_overlapping v="overlapping not specified"/>
              <Const_data_overlapping v="overlapping not specified"/>
            </boolgroup>
            <boolgroup name="Segment50" v="Enabled">
              <Name v="PAGE_EE"/>
              <Qualifier v="READ_ONLY"/>
              <Address v="8093696"/>
              <Size v="16384"/>
              <boolgroup name="Relocation" v="Disabled" />
              <boolgroup name="Align" v="Disabled" />
              <boolgroup name="Fill pattern" v="Disabled" />
              <Code_overlapping v="overlapping not specified"/>
              <Const_data_overlapping v="overlapping not specified"/>
            </boolgroup>
            <boolgroup name="Segment51" v="Enabled">
              <Name v="PAGE_EF"/>
              <Qualifier v="READ_ONLY"/>
              <Address v="8110080"/>
              <Size v="16384"/>
              <boolgroup name="Relocation" v="Disabled" />
              <boolgroup name="Align" v="Disabled" />
              <boolgroup name="Fill pattern" v="Disabled" />
              <Code_overlapping v="overlapping not specified"/>
              <Const_data_overlapping v="overlapping not specified"/>
            </boolgroup>
            <boolgroup name="Segment52" v="Enabled">
              <Name v="PAGE_F0"/>
              <Qualifier v="READ_ONLY"/>
              <Address v="8126464"/>
              <Size v="16384"/>
              <boolgroup name="Relocation" v="Disabled" />
              <boolgroup name="Align" v="Disabled" />
              <boolgroup name="Fill pattern" v="Disabled" />
              <Code_overlapping v="overlapping not specified"/>
              <Const_data_overlapping v="overlapping not specified"/>
            </boolgroup>
            <boolgroup name="Segment53" v="Enabled">
              <Name v="PAGE_F1"/>
              <Qualifier v="READ_ONLY"/>
              <Address v="8142848"/>
              <Size v="16384"/>
              <boolgroup name="Relocation" v="Disabled" />
              <boolgroup name="Align" v="Disabled" />
              <boolgroup name="Fill pattern" v="Disabled" />
              <Code_overlapping v="overlapping not specified"/>
              <Const_data_overlapping v="overlapping not specified"/>
            </boolgroup>
            <boolgroup name="Segment54" v="Enabled">
              <Name v="PAGE_F2"/>
              <Qualifier v="READ_ONLY"/>
              <Address v="8159232"/>
              <Size v="16384"/>
              <boolgroup name="Relocation" v="Disabled" />
              <boolgroup name="Align" v="Disabled" />
              <boolgroup name="Fill pattern" v="Disabled" />
              <Code_overlapping v="overlapping not specified"/>
              <Const_data_overlapping v="overlapping not specified"/>
            </boolgroup>
            <boolgroup name="Segment55" v="Enabled">
              <Name v="PAGE_F3"/>
              <Qualifier v="READ_ONLY"/>
              <Address v="8175616"/>
              <Size v="16384"/>
              <boolgroup name="Relocation" v="Disabled" />
              <boolgroup name="Align" v="Disabled" />
              <boolgroup name="Fill pattern" v="Disabled" />
              <Code_overlapping v="overlapping not specified"/>
              <Const_data_overlapping v="overlapping not specified"/>
            </boolgroup>
            <boolgroup name="Segment56" v="Enabled">
              <Name v="PAGE_F4"/>
              <Qualifier v="READ_ONLY"/>
              <Address v="8192000"/>
              <Size v="16384"/>
              <boolgroup name="Relocation" v="Disabled" />
              <boolgroup name="Align" v="Disabled" />
              <boolgroup name="Fill pattern" v="Disabled" />
              <Code_overlapping v="overlapping not specified"/>
              <Const_data_overlapping v="overlapping not specified"/>
            </boolgroup>
            <boolgroup name="Segment57" v="Enabled">
              <Name v="PAGE_F5"/>
              <Qualifier v="READ_ONLY"/>
              <Address v="8208384"/>
              <Size v="16384"/>
              <boolgroup name="Relocation" v="Disabled" />
              <boolgroup name="Align" v="Disabled" />
              <boolgroup name="Fill pattern" v="Disabled" />
              <Code_overlapping v="overlapping not specified"/>
              <Const_data_overlapping v="overlapping not specified"/>
            </boolgroup>
            <boolgroup name="Segment58" v="Enabled">
              <Name v="PAGE_F6"/>
              <Qualifier v="READ_ONLY"/>
              <Address v="8224768"/>
              <Size v="16384"/>
              <boolgroup name="Relocation" v="Disabled" />
              <boolgroup name="Align" v="Disabled" />
              <boolgroup name="Fill pattern" v="Disabled" />
              <Code_overlapping v="overlapping not specified"/>
              <Const_data_overlapping v="overlapping not specified"/>
            </boolgroup>
            <boolgroup name="Segment59" v="Enabled">
              <Name v="PAGE_F7"/>
              <Qualifier v="READ_ONLY"/>
              <Address v="8241152"/>
              <Size v="16384"/>
              <boolgroup name="Relocation" v="Disabled" />
              <boolgroup name="Align" v="Disabled" />
              <boolgroup name="Fill pattern" v="Disabled" />
              <Code_overlapping v="overlapping not specified"/>
              <Const_data_overlapping v="overlapping not specified"/>
            </boolgroup>
            <boolgroup name="Segment60" v="Enabled">
              <Name v="PAGE_F8"/>
              <Qualifier v="READ_ONLY"/>
              <Address v="8257536"/>
              <Size v="16384"/>
              <boolgroup name="Relocation" v="Disabled" />
              <boolgroup name="Align" v="Disabled" />
              <boolgroup name="Fill pattern" v="Disabled" />
              <Code_overlapping v="overlapping not specified"/>
              <Const_data_overlapping v="overlapping not specified"/>
            </boolgroup>
            <boolgroup name="Segment61" v="Enabled">
              <Name v="PAGE_F9"/>
              <Qualifier v="READ_ONLY"/>
              <Address v="8273920"/>
              <Size v="16384"/>
              <boolgroup name="Relocation" v="Disabled" />
              <boolgroup name="Align" v="Disabled" />
              <boolgroup name="Fill pattern" v="Disabled" />
              <Code_overlapping v="overlapping not specified"/>
              <Const_data_overlapping v="overlapping not specified"/>
            </boolgroup>
            <boolgroup name="Segment62" v="Enabled">
              <Name v="PAGE_FA"/>
              <Qualifier v="READ_ONLY"/>
              <Address v="8290304"/>
              <Size v="16384"/>
              <boolgroup name="Relocation" v="Disabled" />
              <boolgroup name="Align" v="Disabled" />
              <boolgroup name="Fill pattern" v="Disabled" />
              <Code_overlapping v="overlapping not specified"/>
              <Const_data_overlapping v="overlapping not specified"/>
            </boolgroup>
            <boolgroup name="Segment63" v="Enabled">
              <Name v="PAGE_FB"/>
              <Qualifier v="READ_ONLY"/>
              <Address v="8306688"/>
              <Size v="16384"/>
              <boolgroup name="Relocation" v="Disabled" />
              <boolgroup name="Align" v="Disabled" />
              <boolgroup name="Fill pattern" v="Disabled" />
              <Code_overlapping v="overlapping not specified"/>
              <Const_data_overlapping v="overlapping not specified"/>
            </boolgroup>
            <boolgroup name="Segment64" v="Enabled">
              <Name v="PAGE_FC"/>
              <Qualifier v="READ_ONLY"/>
              <Address v="8323072"/>
              <Size v="16384"/>
              <boolgroup name="Relocation" v="Disabled" />
              <boolgroup name="Align" v="Disabled" />
              <boolgroup name="Fill pattern" v="Disabled" />
              <Code_overlapping v="overlapping not specified"/>
              <Const_data_overlapping v="overlapping not specified"/>
            </boolgroup>
            <boolgroup name="Segment65" v="Enabled">
              <Name v="PAGE_FE"/>
              <Qualifier v="READ_ONLY"/>
              <Address v="8355840"/>
              <Size v="16384"/>
              <boolgroup name="Relocation" v="Disabled" />
              <boolgroup name="Align" v="Disabled" />
              <boolgroup name="Fill pattern" v="Disabled" />
              <Code_overlapping v="overlapping not specified"/>
              <Const_data_overlapping v="overlapping not specified"/>
            </boolgroup>
          </list>
        </group>
        <list name="C_ImportUserPlacement" v="1">
          <boolgroup name="Customize placement" v="Disabled" />
        </list>
      </boolgroup>
    </CompilerProperties>
  </CPU_Bean>

  <Bean name="TickTimer" type="TimerInt">
    <Enabled v="Y"/>

    <Properties>
      <Bean_name v="TickTimer"/>
      <Periodic_interrupt_source v="ECTTC0"/>
      <Counter v="ECT_Counter"/>
      <boolgroup name="Interrupt service/event" v="Enabled">
        <Interrupt v="Vectch0"/>
        <Interrupt_priority v="medium priority"/>
      </boolgroup>
      <ECT_clock_mode v="Auto select"/>
      <Interrupt_period init="1000 Hz" runtime_settings="interval" low="10Hz" high="1000Hz" />
      <Interval_calculation_method v="PE fixed point library"/>
      <Same_period_in_modes v="yes"/>
      <Bean_uses_entire_timer v="no"/>
      <group name="Initialization">
        <Enabled_in_init__code v="yes"/>
        <Events_enabled_in_init_ v="yes"/>
        <Stop_in_wait_mode v="no"/>
        <Stop_in_freeze_mode v="yes"/>
        <Modulus_mode v="yes"/>
      </group>
      <group name="CPU clock/speed selection">
        <High_speed_mode v="This bean enabled"/>
        <Low_speed_mode v="This bean disabled"/>
        <Slow_speed_mode v="This bean disabled"/>
      </group>
    </Properties>

    <Methods>
      <Enable v="generate code"/>
      <Disable v="generate code"/>
      <EnableEvent v="don&apos;t generate code"/>
      <DisableEvent v="don&apos;t generate code"/>
      <SetPeriodMode v="don&apos;t generate code"/>
      <SetPeriodTicks16 v="generate code"/>
      <SetPeriodTicks32 v="generate code"/>
      <SetPeriodUS v="generate code"/>
      <SetPeriodMS v="generate code"/>
      <SetPeriodSec v="don&apos;t generate code"/>
      <SetPeriodReal v="don&apos;t generate code"/>
      <SetFreqHz v="generate code"/>
      <SetFreqkHz v="don&apos;t generate code"/>
      <SetFreqMHz v="don&apos;t generate code"/>
    </Methods>

    <Events>
      <Event_module_name v="Events"/>
      <event name="BeforeNewSpeed" v="don&apos;t generate code" />
      <event name="AfterNewSpeed" v="don&apos;t generate code" />
      <event name="OnInterrupt" v="generate code">
        <Event_procedure_name v="TickTimer_OnInterrupt"/>
        <Priority v="same as interrupt"/>
      </event>
    </Events>
  </Bean>

  <Bean name="COM0" type="AsynchroSerial">
    <Enabled v="Y"/>

    <Properties>
      <Bean_name v="COM0"/>
      <Channel v="SCI0"/>
      <boolgroup name="Interrupt service/event" v="Enabled">
        <Interrupt_RxD v="Vsci0"/>
        <Interrupt_RxD_priority v="medium priority"/>
        <Interrupt_TxD v="Vsci0"/>
        <Interrupt_TxD_priority v="medium priority"/>
        <Interrupt_Error v="Vsci0"/>
        <Interrupt_Error_priority v="medium priority"/>
        <Input_buffer_size v="0"/>
        <Output_buffer_size v="0"/>
        <group name="Handshake">
          <boolgroup name="CTS" v="Disabled" />
          <boolgroup name="RTS" v="Disabled" />
        </group>
      </boolgroup>
      <group name="Settings">
        <Parity v="none"/>
        <Width v="8 bits"/>
        <Stop_bit v="1"/>
        <enumgroup name="SCI output mode" v="Normal">
        </enumgroup>
        <boolgroup name="Receiver" v="Enabled">
          <RxD v="PS0_RxD0"/>
          <RxD_pin_signal v=""/>
        </boolgroup>
        <boolgroup name="Transmitter" v="Enabled">
          <TxD v="PS1_TxD0"/>
          <TxD_pin_signal v=""/>
        </boolgroup>
        <Baud_rate init="38400 baud" runtime_settings="list" mode_1="19200 baud" mode_2="9600 baud" mode_3="4800 baud" />
        <Break_signal v="Disabled"/>
        <Transmitter_output v="Not inverted"/>
        <Receiver_input v="Not inverted"/>
        <Wakeup_condition v="Idle line wakeup"/>
        <Stop_in_wait_mode v="no"/>
        <Idle_line_mode v="starts after start bit"/>
        <Break_generation_length v="10/11 bits"/>
        <boolgroup name="Infrared SCI output" v="Disabled" />
        <Active_edge_detection v="Disabled"/>
        <Bit_error_detection v="Disabled"/>
      </group>
      <group name="Initialization">
        <Enabled_in_init__code v="yes"/>
        <Events_enabled_in_init_ v="yes"/>
      </group>
      <group name="CPU clock/speed selection">
        <High_speed_mode v="This bean enabled"/>
        <Low_speed_mode v="This bean disabled"/>
        <Slow_speed_mode v="This bean disabled"/>
      </group>
    </Properties>

    <Methods>
      <Enable v="don&apos;t generate code"/>
      <Disable v="don&apos;t generate code"/>
      <EnableEvent v="don&apos;t generate code"/>
      <DisableEvent v="don&apos;t generate code"/>
      <RecvChar v="generate code"/>
      <SendChar v="generate code"/>
      <RecvBlock v="don&apos;t generate code"/>
      <SendBlock v="don&apos;t generate code"/>
      <ClearRxBuf v="don&apos;t generate code"/>
      <ClearTxBuf v="don&apos;t generate code"/>
      <CharsInRxBuf v="don&apos;t generate code"/>
      <GetCharsInRxBuf v="generate code"/>
      <CharsInTxBuf v="don&apos;t generate code"/>
      <GetCharsInTxBuf v="generate code"/>
      <SetBaudRateMode v="generate code"/>
      <GetError v="don&apos;t generate code"/>
      <GetBreak v="don&apos;t generate code"/>
      <SetBreak v="don&apos;t generate code"/>
      <TurnTxOn v="don&apos;t generate code"/>
      <TurnTxOff v="don&apos;t generate code"/>
      <TurnRxOn v="don&apos;t generate code"/>
      <TurnRxOff v="don&apos;t generate code"/>
      <SetIdle v="don&apos;t generate code"/>
      <LoopMode v="don&apos;t generate code"/>
      <Standby v="don&apos;t generate code"/>
      <SetDirection v="don&apos;t generate code"/>
      <GetRxIdle v="don&apos;t generate code"/>
      <GetTxComplete v="don&apos;t generate code"/>
      <EnableRxEdgeDetect v="don&apos;t generate code"/>
      <DisableRxEdgeDetect v="don&apos;t generate code"/>
    </Methods>

    <Events>
      <Event_module_name v="Events"/>
      <event name="BeforeNewSpeed" v="don&apos;t generate code" />
      <event name="AfterNewSpeed" v="don&apos;t generate code" />
      <event name="OnError" v="don&apos;t generate code" />
      <event name="OnRxChar" v="don&apos;t generate code" />
      <event name="OnRxCharExt" v="don&apos;t generate code" />
      <event name="OnTxChar" v="don&apos;t generate code" />
      <event name="OnFullRxBuf" v="don&apos;t generate code" />
      <event name="OnFreeTxBuf" v="don&apos;t generate code" />
      <event name="OnBreak" v="don&apos;t generate code" />
      <event name="OnIdle" v="don&apos;t generate code" />
      <event name="OnTxComplete" v="don&apos;t generate code" />
      <event name="OnRxActiveEdge" v="don&apos;t generate code" />
    </Events>
  </Bean>

  <Bean name="Heart" type="BitIO">
    <Enabled v="Y"/>

    <Properties>
      <Bean_name v="Heart"/>
      <Pin_for_I_O v="PB0_ADDR0_UDS"/>
      <Pin_signal v=""/>
      <Pull_resistor sel_value="no pull resistor" v="autoselected pull"/>
      <Open_drain v="push-pull"/>
      <Reduced_drive_for_all_port_B v="no"/>
      <Direction v="Output"/>
      <group name="Initialization">
        <Init__direction v="Output"/>
        <Init__value v="0"/>
      </group>
      <Safe_mode v="yes"/>
      <Optimization_for v="speed"/>
    </Properties>

    <Methods>
      <GetDir v="don&apos;t generate code"/>
      <SetDir v="don&apos;t generate code"/>
      <SetInput v="don&apos;t generate code"/>
      <SetOutput v="don&apos;t generate code"/>
      <GetVal v="generate code"/>
      <PutVal v="generate code"/>
      <ClrVal v="generate code"/>
      <SetVal v="generate code"/>
      <NegVal v="generate code"/>
    </Methods>

    <Events>
    </Events>
  </Bean>

  <Bean name="IV1" type="InterruptVector">
    <Enabled v="Y"/>

    <Properties>
      <Bean_name v="IV1"/>
      <Interrupt_vector v="Vswi"/>
      <Interrupt_priority v="medium priority"/>
      <boolgroup name="Shared interrupt" v="no" />
      <ISR_name v="vPortYield"/>
      <Allow_duplicate_ISR_names v="no"/>
    </Properties>

    <Methods>
    </Methods>

    <Events>
    </Events>
  </Bean>

  <Bean name="Byte1" type="ByteIO">
    <Enabled v="Y"/>

    <Properties>
      <Bean_name v="Byte1"/>
      <Port v="A"/>
      <Port_signal v=""/>
      <Pull_resistor sel_value="no pull resistor" v="autoselected pull"/>
      <Open_drain v="push-pull"/>
      <Direction v="Input/Output"/>
      <group name="Initialization">
        <Init__direction v="Output"/>
        <Init__value v="0"/>
      </group>
      <Safe_mode v="yes"/>
      <group name="PORT A">
        <Reduced_drive_for_all_port_A v="no"/>
      </group>
    </Properties>

    <Methods>
      <GetDir v="generate code"/>
      <SetDir v="generate code"/>
      <SetInput v="don&apos;t generate code"/>
      <SetOutput v="don&apos;t generate code"/>
      <GetVal v="generate code"/>
      <PutVal v="generate code"/>
      <GetBit v="generate code"/>
      <PutBit v="generate code"/>
      <SetBit v="generate code"/>
      <ClrBit v="generate code"/>
      <NegBit v="generate code"/>
    </Methods>

    <Events>
    </Events>
  </Bean>

</PE_PROJECT_SETTINGS_DOCUMENTATION>
