<PE_PROJECT_SETTINGS_DOCUMENTATION>
  <PE_product_version v="version 2.98 for Freescale HCS12(X) family"/>
  <PE_core_version v="Processor Expert Version 0398"/>

  <CPU_Bean name="Cpu" type="MC9S12DP256_112">
    <Enabled v="Y"/>

    <Properties>
      <Bean_name v="Cpu"/>
      <CPU_type v="MC9S12DP256BCPV"/>
      <list name="Shared CRG module settings" v="1">
        <group name="Clock settings">
          <group name="Input clock">
            <Clock_type v="External clock source"/>
            <Clock_frequency__MHz_ v="16"/>
            <group name="Clock input pin">
              <Pin v="EXTAL"/>
              <Pin_signal v=""/>
            </group>
            <group name="Clock output pin">
              <Pin v="XTAL"/>
              <Pin_signal v=""/>
            </group>
          </group>
          <group name="Output clock">
            <boolgroup name="External clock" v="Enabled">
              <ECLK_pin v="PE4_ECLK"/>
              <ECLK_pin_signal v=""/>
            </boolgroup>
          </group>
          <group name="Low-power modes settings">
            <Pseudo_stop v="no"/>
            <System_clocks_stop_in_wait_mode v="no"/>
            <Reduced_oscillator_amplitude_in_wait_mode v="no"/>
            <Core_stops_in_wait_mode v="no"/>
            <PLL_stops_in_wait_mode v="no"/>
          </group>
          <Clock_monitor v="Enter Self clock mode"/>
        </group>
      </list>
      <Initialization_priority v="interrupts disabled"/>
      <list name="Shared Internal Resource Mapping With EEPROM" v="1">
        <group name="Internal resource mapping">
          <Register_block_mapping v="$0000"/>
          <Internal_RAM_mapping v="$1000"/>
          <boolgroup name="Internal EEPROM" v="Enabled">
            <Internal_EEPROM_mapping v="$0000"/>
          </boolgroup>
          <boolgroup name="Internal FLASH" v="yes">
            <Half_memory_only v="no"/>
          </boolgroup>
          <group name="Interrupt vector table">
            <Address v="65408"/>
            <Size v="128"/>
          </group>
        </group>
      </list>
      <list name="Shared MEBI module settings" v="1">
        <group name="Operating mode and external bus settings">
          <Boot_operating_mode v="Special Single Chip"/>
          <boolgroup name="Operating mode switching" v="no" />
          <enumgroup name="External bus settings" v="Special Single Chip">
          </enumgroup>
        </group>
      </list>
      <group name="Internal peripherals">
        <list name="Shared BDM module settings" v="1">
          <group name="BDM Debug support">
            <Stop_COP_and_RTI_in_Active_BDM_mode v="no"/>
          </group>
        </list>
        <list name="Shared ECT 16B8C module settings" v="1">
        </list>
        <list name="Shared I/O settings" v="1">
          <group name="I/O module">
            <group name="PORT A">
              <Reduced_drive_for_all_port_A v="no"/>
            </group>
            <group name="PORT B">
              <Reduced_drive_for_all_port_B v="no"/>
            </group>
            <group name="PORT E">
              <Reduced_drive_for_all_port_E v="no"/>
            </group>
            <group name="PORT H">
              <Reduced_drive_for_PH0 v="no"/>
              <Reduced_drive_for_PH1 v="no"/>
              <Reduced_drive_for_PH2 v="no"/>
              <Reduced_drive_for_PH3 v="no"/>
              <Reduced_drive_for_PH4 v="no"/>
              <Reduced_drive_for_PH5 v="no"/>
              <Reduced_drive_for_PH6 v="no"/>
              <Reduced_drive_for_PH7 v="no"/>
            </group>
            <group name="PORT J">
              <Reduced_drive_for_PJ0 v="no"/>
              <Reduced_drive_for_PJ1 v="no"/>
              <Reduced_drive_for_PJ6 v="no"/>
              <Reduced_drive_for_PJ7 v="no"/>
            </group>
            <group name="PORT K">
              <Reduced_drive_for_all_port_K v="no"/>
            </group>
            <group name="PORT M">
              <Reduced_drive_for_PM0 v="no"/>
              <Reduced_drive_for_PM1 v="no"/>
              <Reduced_drive_for_PM2 v="no"/>
              <Reduced_drive_for_PM3 v="no"/>
              <Reduced_drive_for_PM4 v="no"/>
              <Reduced_drive_for_PM5 v="no"/>
              <Reduced_drive_for_PM6 v="no"/>
              <Reduced_drive_for_PM7 v="no"/>
            </group>
            <group name="PORT P">
              <Reduced_drive_for_PP0 v="no"/>
              <Reduced_drive_for_PP1 v="no"/>
              <Reduced_drive_for_PP2 v="no"/>
              <Reduced_drive_for_PP3 v="no"/>
              <Reduced_drive_for_PP4 v="no"/>
              <Reduced_drive_for_PP5 v="no"/>
              <Reduced_drive_for_PP6 v="no"/>
              <Reduced_drive_for_PP7 v="no"/>
            </group>
            <group name="PORT S">
              <Reduced_drive_for_PS0 v="no"/>
              <Reduced_drive_for_PS1 v="no"/>
              <Reduced_drive_for_PS2 v="no"/>
              <Reduced_drive_for_PS3 v="no"/>
              <Reduced_drive_for_PS4 v="no"/>
              <Reduced_drive_for_PS5 v="no"/>
              <Reduced_drive_for_PS6 v="no"/>
              <Reduced_drive_for_PS7 v="no"/>
            </group>
            <group name="PORT T">
              <Reduced_drive_for_PT0 v="no"/>
              <Reduced_drive_for_PT1 v="no"/>
              <Reduced_drive_for_PT2 v="no"/>
              <Reduced_drive_for_PT3 v="no"/>
              <Reduced_drive_for_PT4 v="no"/>
              <Reduced_drive_for_PT5 v="no"/>
              <Reduced_drive_for_PT6 v="no"/>
              <Reduced_drive_for_PT7 v="no"/>
            </group>
          </group>
        </list>
        <list name="Shared PWM module settings" v="1">
        </list>
      </group>
      <list name="Shared Cpu Interrupts module settings" v="1">
        <group name="CPU interrupts/resets">
          <boolgroup name="Clock monitor reset" v="Disabled" />
          <boolgroup name="IllegalOpcode" v="Disabled" />
          <boolgroup name="SWI" v="Disabled" />
          <boolgroup name="PLL" v="Disabled" />
          <boolgroup name="SCM" v="Disabled" />
        </group>
      </list>
      <list name="Shared speed modes settings" v="1">
        <group name="Enabled speed modes">
          <boolgroup name="High speed mode" v="Enabled">
            <Internal_bus_clock v="25"/>
            <boolgroup name="PLL clock" v="Enabled">
              <Reference_divider v="Auto select"/>
              <PLL_multiplication_factor v="Auto select"/>
              <PLL_clock_frequency v="50"/>
              <PLL_bandwidth_control v="Automatic Bandwidth Control"/>
              <PLL_mode v="Acquisition mode"/>
            </boolgroup>
          </boolgroup>
          <boolgroup name="Low speed mode" v="Disabled" />
          <boolgroup name="Slow speed mode" v="Disabled" />
        </group>
      </list>
    </Properties>

    <Methods>
      <list name="SharedCpuMethods" v="1">
        <SetHighSpeed v="don&apos;t generate code"/>
        <SetLowSpeed v="don&apos;t generate code"/>
        <SetSlowSpeed v="don&apos;t generate code"/>
        <GetSpeedMode v="don&apos;t generate code"/>
        <SetIntVect v="don&apos;t generate code"/>
        <GetIntVect v="don&apos;t generate code"/>
        <EnableInt v="generate code"/>
        <DisableInt v="generate code"/>
        <SetWaitMode v="don&apos;t generate code"/>
        <SetStopMode v="don&apos;t generate code"/>
        <Delay100US v="don&apos;t generate code"/>
        <GetPllLockStatusFlag v="don&apos;t generate code"/>
        <GetResetSource v="don&apos;t generate code"/>
      </list>
    </Methods>

    <Events>
      <Event_module_name v="Events"/>
      <list name="SharedCpuEvents" v="1">
        <event name="OnReset" v="don&apos;t generate code" />
        <event name="OnClockMonitorFail" v="don&apos;t generate code" />
        <event name="OnIllegalOpcode" v="don&apos;t generate code" />
        <event name="OnSwINT" v="don&apos;t generate code" />
        <event name="OnPllLockStatusChanged" v="don&apos;t generate code" />
        <event name="OnSCMChanged" v="don&apos;t generate code" />
      </list>
    </Events>
    <Compiler v="CodeWarrior HC12 C Compiler"/>

    <CompilerProperties>
      <Compiler v="CodeWarrior HC12 C Compiler"/>
      <enumgroup name="Unhandled interrupts" v="One handler for all">
        <Unhandled_int_code>
asm(BGND);
        </Unhandled_int_code>
      </enumgroup>
      <Generate_macros v="yes"/>
      <group name="User initialization">
        <User_data_declarations>
        </User_data_declarations>
        <User_code_before_PE_initialization>
        </User_code_before_PE_initialization>
        <User_code_after_PE_initialization>
        </User_code_after_PE_initialization>
      </group>
      <boolgroup name="Serial monitor support" v="Disabled" />
      <Memory_model v="Banked"/>
      <boolgroup name="Generate PRM file" v="yes">
        <enumgroup name="Stack specification" v="size">
          <Stack_size v="128"/>
        </enumgroup>
        <group name="Memory segments">
          <Set_default_memory_segments v="Click to set default &gt;"/>
          <list name="ROM/RAM segments" v="19">
            <boolgroup name="Segment 0" v="Disabled" />
            <boolgroup name="Segment 1" v="Enabled">
              <Name v="RAM"/>
              <Qualifier v="READ_WRITE"/>
              <Address v="4096"/>
              <Size v="12288"/>
              <boolgroup name="Relocation" v="Disabled" />
              <boolgroup name="Align" v="Disabled" />
              <boolgroup name="Fill pattern" v="Disabled" />
              <Code_overlapping v="overlapping not specified"/>
              <Const_data_overlapping v="overlapping not specified"/>
            </boolgroup>
            <boolgroup name="Segment 2" v="Disabled" />
            <boolgroup name="Segment 3" v="Enabled">
              <Name v="ROM_C000"/>
              <Qualifier v="READ_ONLY"/>
              <Address v="49152"/>
              <Size v="16128"/>
              <boolgroup name="Relocation" v="Disabled" />
              <boolgroup name="Align" v="Disabled" />
              <boolgroup name="Fill pattern" v="Disabled" />
              <Code_overlapping v="overlapping not specified"/>
              <Const_data_overlapping v="overlapping not specified"/>
            </boolgroup>
            <boolgroup name="Segment 4" v="Disabled" />
            <boolgroup name="Segment 5" v="Enabled">
              <Name v="PAGE_30"/>
              <Qualifier v="READ_ONLY"/>
              <Address v="3178496"/>
              <Size v="16384"/>
              <boolgroup name="Relocation" v="Disabled" />
              <boolgroup name="Align" v="Disabled" />
              <boolgroup name="Fill pattern" v="Disabled" />
              <Code_overlapping v="overlapping not specified"/>
              <Const_data_overlapping v="overlapping not specified"/>
            </boolgroup>
            <boolgroup name="Segment 6" v="Enabled">
              <Name v="PAGE_31"/>
              <Qualifier v="READ_ONLY"/>
              <Address v="3244032"/>
              <Size v="16384"/>
              <boolgroup name="Relocation" v="Disabled" />
              <boolgroup name="Align" v="Disabled" />
              <boolgroup name="Fill pattern" v="Disabled" />
              <Code_overlapping v="overlapping not specified"/>
              <Const_data_overlapping v="overlapping not specified"/>
            </boolgroup>
            <boolgroup name="Segment 7" v="Enabled">
              <Name v="PAGE_32"/>
              <Qualifier v="READ_ONLY"/>
              <Address v="3309568"/>
              <Size v="16384"/>
              <boolgroup name="Relocation" v="Disabled" />
              <boolgroup name="Align" v="Disabled" />
              <boolgroup name="Fill pattern" v="Disabled" />
              <Code_overlapping v="overlapping not specified"/>
              <Const_data_overlapping v="overlapping not specified"/>
            </boolgroup>
            <boolgroup name="Segment 8" v="Enabled">
              <Name v="PAGE_33"/>
              <Qualifier v="READ_ONLY"/>
              <Address v="3375104"/>
              <Size v="16384"/>
              <boolgroup name="Relocation" v="Disabled" />
              <boolgroup name="Align" v="Disabled" />
              <boolgroup name="Fill pattern" v="Disabled" />
              <Code_overlapping v="overlapping not specified"/>
              <Const_data_overlapping v="overlapping not specified"/>
            </boolgroup>
            <boolgroup name="Segment 9" v="Enabled">
              <Name v="PAGE_34"/>
              <Qualifier v="READ_ONLY"/>
              <Address v="3440640"/>
              <Size v="16384"/>
              <boolgroup name="Relocation" v="Disabled" />
              <boolgroup name="Align" v="Disabled" />
              <boolgroup name="Fill pattern" v="Disabled" />
              <Code_overlapping v="overlapping not specified"/>
              <Const_data_overlapping v="overlapping not specified"/>
            </boolgroup>
            <boolgroup name="Segment 10" v="Enabled">
              <Name v="PAGE_35"/>
              <Qualifier v="READ_ONLY"/>
              <Address v="3506176"/>
              <Size v="16384"/>
              <boolgroup name="Relocation" v="Disabled" />
              <boolgroup name="Align" v="Disabled" />
              <boolgroup name="Fill pattern" v="Disabled" />
              <Code_overlapping v="overlapping not specified"/>
              <Const_data_overlapping v="overlapping not specified"/>
            </boolgroup>
            <boolgroup name="Segment 11" v="Enabled">
              <Name v="PAGE_36"/>
              <Qualifier v="READ_ONLY"/>
              <Address v="3571712"/>
              <Size v="16384"/>
              <boolgroup name="Relocation" v="Disabled" />
              <boolgroup name="Align" v="Disabled" />
              <boolgroup name="Fill pattern" v="Disabled" />
              <Code_overlapping v="overlapping not specified"/>
              <Const_data_overlapping v="overlapping not specified"/>
            </boolgroup>
            <boolgroup name="Segment 12" v="Enabled">
              <Name v="PAGE_37"/>
              <Qualifier v="READ_ONLY"/>
              <Address v="3637248"/>
              <Size v="16384"/>
              <boolgroup name="Relocation" v="Disabled" />
              <boolgroup name="Align" v="Disabled" />
              <boolgroup name="Fill pattern" v="Disabled" />
              <Code_overlapping v="overlapping not specified"/>
              <Const_data_overlapping v="overlapping not specified"/>
            </boolgroup>
            <boolgroup name="Segment 13" v="Enabled">
              <Name v="PAGE_38"/>
              <Qualifier v="READ_ONLY"/>
              <Address v="3702784"/>
              <Size v="16384"/>
              <boolgroup name="Relocation" v="Disabled" />
              <boolgroup name="Align" v="Disabled" />
              <boolgroup name="Fill pattern" v="Disabled" />
              <Code_overlapping v="overlapping not specified"/>
              <Const_data_overlapping v="overlapping not specified"/>
            </boolgroup>
            <boolgroup name="Segment 14" v="Enabled">
              <Name v="PAGE_39"/>
              <Qualifier v="READ_ONLY"/>
              <Address v="3768320"/>
              <Size v="16384"/>
              <boolgroup name="Relocation" v="Disabled" />
              <boolgroup name="Align" v="Disabled" />
              <boolgroup name="Fill pattern" v="Disabled" />
              <Code_overlapping v="overlapping not specified"/>
              <Const_data_overlapping v="overlapping not specified"/>
            </boolgroup>
            <boolgroup name="Segment 15" v="Enabled">
              <Name v="PAGE_3A"/>
              <Qualifier v="READ_ONLY"/>
              <Address v="3833856"/>
              <Size v="16384"/>
              <boolgroup name="Relocation" v="Disabled" />
              <boolgroup name="Align" v="Disabled" />
              <boolgroup name="Fill pattern" v="Disabled" />
              <Code_overlapping v="overlapping not specified"/>
              <Const_data_overlapping v="overlapping not specified"/>
            </boolgroup>
            <boolgroup name="Segment 16" v="Enabled">
              <Name v="PAGE_3B"/>
              <Qualifier v="READ_ONLY"/>
              <Address v="3899392"/>
              <Size v="16384"/>
              <boolgroup name="Relocation" v="Disabled" />
              <boolgroup name="Align" v="Disabled" />
              <boolgroup name="Fill pattern" v="Disabled" />
              <Code_overlapping v="overlapping not specified"/>
              <Const_data_overlapping v="overlapping not specified"/>
            </boolgroup>
            <boolgroup name="Segment 17" v="Enabled">
              <Name v="PAGE_3C"/>
              <Qualifier v="READ_ONLY"/>
              <Address v="3964928"/>
              <Size v="16384"/>
              <boolgroup name="Relocation" v="Disabled" />
              <boolgroup name="Align" v="Disabled" />
              <boolgroup name="Fill pattern" v="Disabled" />
              <Code_overlapping v="overlapping not specified"/>
              <Const_data_overlapping v="overlapping not specified"/>
            </boolgroup>
            <boolgroup name="Segment 18" v="Enabled">
              <Name v="PAGE_3D"/>
              <Qualifier v="READ_ONLY"/>
              <Address v="4030464"/>
              <Size v="16384"/>
              <boolgroup name="Relocation" v="Disabled" />
              <boolgroup name="Align" v="Disabled" />
              <boolgroup name="Fill pattern" v="Disabled" />
              <Code_overlapping v="overlapping not specified"/>
              <Const_data_overlapping v="overlapping not specified"/>
            </boolgroup>
          </list>
        </group>
        <list name="C_ImportUserPlacement" v="1">
          <boolgroup name="Customize placement" v="Disabled" />
        </list>
      </boolgroup>
    </CompilerProperties>
  </CPU_Bean>

  <Bean name="TickTimer" type="TimerInt">
    <Enabled v="Y"/>

    <Properties>
      <Bean_name v="TickTimer"/>
      <Periodic_interrupt_source v="TC0"/>
      <Counter v="ECT_Counter"/>
      <boolgroup name="Interrupt service/event" v="Enabled">
        <Interrupt v="Vtimch0"/>
        <Interrupt_priority v="medium priority"/>
      </boolgroup>
      <Interrupt_period init="1000 Hz" runtime_settings="interval" low="50 Hz" high="1000 Hz" />
      <Interval_calculation_method v="PE fixed point library"/>
      <Same_period_in_modes v="yes"/>
      <Bean_uses_entire_timer v="no"/>
      <group name="Initialization">
        <Enabled_in_init__code v="yes"/>
        <Events_enabled_in_init_ v="yes"/>
        <Stop_in_wait_mode v="no"/>
        <Stop_in_freeze_mode v="yes"/>
        <Modulus_mode v="yes"/>
      </group>
      <group name="CPU clock/speed selection">
        <High_speed_mode v="This bean enabled"/>
        <Low_speed_mode v="This bean disabled"/>
        <Slow_speed_mode v="This bean disabled"/>
      </group>
    </Properties>

    <Methods>
      <Enable v="generate code"/>
      <Disable v="don&apos;t generate code"/>
      <EnableEvent v="don&apos;t generate code"/>
      <DisableEvent v="don&apos;t generate code"/>
      <SetPeriodMode v="don&apos;t generate code"/>
      <SetPeriodTicks16 v="generate code"/>
      <SetPeriodTicks32 v="generate code"/>
      <SetPeriodUS v="generate code"/>
      <SetPeriodMS v="generate code"/>
      <SetPeriodSec v="don&apos;t generate code"/>
      <SetPeriodReal v="don&apos;t generate code"/>
      <SetFreqHz v="generate code"/>
      <SetFreqkHz v="don&apos;t generate code"/>
      <SetFreqMHz v="don&apos;t generate code"/>
    </Methods>

    <Events>
      <Event_module_name v="Events"/>
      <event name="BeforeNewSpeed" v="don&apos;t generate code" />
      <event name="AfterNewSpeed" v="don&apos;t generate code" />
      <event name="OnInterrupt" v="generate code">
        <Event_procedure_name v="TickTimer_OnInterrupt"/>
        <Priority v="same as interrupt"/>
      </event>
    </Events>
  </Bean>

  <Bean name="Byte1" type="ByteIO">
    <Enabled v="Y"/>

    <Properties>
      <Bean_name v="Byte1"/>
      <Port v="H"/>
      <Port_signal v=""/>
      <Pull_resistor sel_value="no pull resistor" v="autoselected pull"/>
      <Open_drain v="push-pull"/>
      <Direction v="Output"/>
      <group name="Initialization">
        <Init__direction v="Output"/>
        <Init__value v="0"/>
      </group>
      <Safe_mode v="yes"/>
      <group name="PORT H">
        <Reduced_drive_for_PH0 v="no"/>
        <Reduced_drive_for_PH1 v="no"/>
        <Reduced_drive_for_PH2 v="no"/>
        <Reduced_drive_for_PH3 v="no"/>
        <Reduced_drive_for_PH4 v="no"/>
        <Reduced_drive_for_PH5 v="no"/>
        <Reduced_drive_for_PH6 v="no"/>
        <Reduced_drive_for_PH7 v="no"/>
      </group>
    </Properties>

    <Methods>
      <GetDir v="don&apos;t generate code"/>
      <SetDir v="don&apos;t generate code"/>
      <SetInput v="don&apos;t generate code"/>
      <SetOutput v="don&apos;t generate code"/>
      <GetVal v="don&apos;t generate code"/>
      <PutVal v="don&apos;t generate code"/>
      <GetBit v="don&apos;t generate code"/>
      <PutBit v="generate code"/>
      <SetBit v="don&apos;t generate code"/>
      <ClrBit v="don&apos;t generate code"/>
      <NegBit v="generate code"/>
      <GetRawVal v="don&apos;t generate code"/>
      <GetRawBit v="don&apos;t generate code"/>
    </Methods>

    <Events>
    </Events>
  </Bean>

  <Bean name="COM0" type="AsynchroSerial">
    <Enabled v="Y"/>

    <Properties>
      <Bean_name v="COM0"/>
      <Channel v="SCI0"/>
      <boolgroup name="Interrupt service/event" v="Enabled">
        <Interrupt_RxD v="Vsci0"/>
        <Interrupt_RxD_priority v="medium priority"/>
        <Interrupt_TxD v="Vsci0"/>
        <Interrupt_TxD_priority v="low priority"/>
        <Interrupt_Error v="Vsci0"/>
        <Interrupt_Error_priority v="medium priority"/>
        <Input_buffer_size v="0"/>
        <Output_buffer_size v="0"/>
        <group name="Handshake">
          <boolgroup name="CTS" v="Disabled" />
          <boolgroup name="RTS" v="Disabled" />
        </group>
      </boolgroup>
      <group name="Settings">
        <Parity v="none"/>
        <Width v="8 bits"/>
        <Stop_bit v="1"/>
        <enumgroup name="SCI output mode" v="Normal">
        </enumgroup>
        <boolgroup name="Receiver" v="Enabled">
          <RxD v="PS0_RxD0"/>
          <RxD_pin_signal v=""/>
        </boolgroup>
        <boolgroup name="Transmitter" v="Enabled">
          <TxD v="PS1_TxD0"/>
          <TxD_pin_signal v=""/>
        </boolgroup>
        <Baud_rate init="38400 baud" runtime_settings="list" mode_1="19200 baud" mode_2="9600 baud" mode_3="4800 baud" />
        <Break_signal v="Disabled"/>
        <Wakeup_condition v="Idle line wakeup"/>
        <Stop_in_wait_mode v="yes"/>
        <Idle_line_mode v="starts after start bit"/>
        <Break_generation_length v="10/11 bits"/>
      </group>
      <group name="Initialization">
        <Enabled_in_init__code v="yes"/>
        <Events_enabled_in_init_ v="yes"/>
      </group>
      <group name="CPU clock/speed selection">
        <High_speed_mode v="This bean enabled"/>
        <Low_speed_mode v="This bean disabled"/>
        <Slow_speed_mode v="This bean disabled"/>
      </group>
    </Properties>

    <Methods>
      <Enable v="don&apos;t generate code"/>
      <Disable v="don&apos;t generate code"/>
      <EnableEvent v="don&apos;t generate code"/>
      <DisableEvent v="don&apos;t generate code"/>
      <RecvChar v="don&apos;t generate code"/>
      <SendChar v="generate code"/>
      <RecvBlock v="don&apos;t generate code"/>
      <SendBlock v="don&apos;t generate code"/>
      <ClearRxBuf v="don&apos;t generate code"/>
      <ClearTxBuf v="don&apos;t generate code"/>
      <CharsInRxBuf v="don&apos;t generate code"/>
      <GetCharsInRxBuf v="don&apos;t generate code"/>
      <CharsInTxBuf v="don&apos;t generate code"/>
      <GetCharsInTxBuf v="don&apos;t generate code"/>
      <SetBaudRateMode v="generate code"/>
      <GetError v="don&apos;t generate code"/>
      <GetBreak v="don&apos;t generate code"/>
      <SetBreak v="don&apos;t generate code"/>
      <TurnTxOn v="don&apos;t generate code"/>
      <TurnTxOff v="don&apos;t generate code"/>
      <TurnRxOn v="don&apos;t generate code"/>
      <TurnRxOff v="don&apos;t generate code"/>
      <SetIdle v="don&apos;t generate code"/>
      <LoopMode v="don&apos;t generate code"/>
      <Standby v="don&apos;t generate code"/>
      <SetDirection v="don&apos;t generate code"/>
      <GetRxIdle v="don&apos;t generate code"/>
      <GetTxComplete v="don&apos;t generate code"/>
    </Methods>

    <Events>
      <Event_module_name v="Events"/>
      <event name="BeforeNewSpeed" v="don&apos;t generate code" />
      <event name="AfterNewSpeed" v="don&apos;t generate code" />
      <event name="OnError" v="don&apos;t generate code" />
      <event name="OnRxChar" v="don&apos;t generate code" />
      <event name="OnRxCharExt" v="don&apos;t generate code" />
      <event name="OnTxChar" v="don&apos;t generate code" />
      <event name="OnFullRxBuf" v="don&apos;t generate code" />
      <event name="OnFreeTxBuf" v="don&apos;t generate code" />
      <event name="OnBreak" v="don&apos;t generate code" />
      <event name="OnIdle" v="don&apos;t generate code" />
      <event name="OnTxComplete" v="don&apos;t generate code" />
    </Events>
  </Bean>

  <Bean name="Heart" type="BitIO">
    <Enabled v="Y"/>

    <Properties>
      <Bean_name v="Heart"/>
      <Pin_for_I_O v="PA7_ADDR15_DATA15"/>
      <Pin_signal v=""/>
      <Pull_resistor sel_value="no pull resistor" v="autoselected pull"/>
      <Open_drain v="push-pull"/>
      <Reduced_drive_for_all_port_A v="no"/>
      <Direction v="Output"/>
      <group name="Initialization">
        <Init__direction v="Output"/>
        <Init__value v="0"/>
      </group>
      <Safe_mode v="yes"/>
      <Optimization_for v="speed"/>
    </Properties>

    <Methods>
      <GetDir v="don&apos;t generate code"/>
      <SetDir v="don&apos;t generate code"/>
      <SetInput v="don&apos;t generate code"/>
      <SetOutput v="don&apos;t generate code"/>
      <GetVal v="don&apos;t generate code"/>
      <PutVal v="don&apos;t generate code"/>
      <ClrVal v="generate code"/>
      <SetVal v="generate code"/>
      <NegVal v="generate code"/>
      <GetRawVal v="don&apos;t generate code"/>
    </Methods>

    <Events>
    </Events>
  </Bean>

  <Bean name="IV1" type="InterruptVector">
    <Enabled v="Y"/>

    <Properties>
      <Bean_name v="IV1"/>
      <Interrupt_vector v="Vswi"/>
      <Interrupt_priority v="medium priority"/>
      <boolgroup name="Shared interrupt" v="no" />
      <ISR_name v="vPortYield"/>
      <Allow_duplicate_ISR_names v="no"/>
    </Properties>

    <Methods>
    </Methods>

    <Events>
    </Events>
  </Bean>

</PE_PROJECT_SETTINGS_DOCUMENTATION>
